{
  "configVersion": 1,
  "timestamp": 1610089084777,
  "index": "/byj/index.html",
  "assetGroups": [
    {
      "name": "app",
      "installMode": "prefetch",
      "updateMode": "prefetch",
      "urls": [
        "/byj/13.ae4d8ed6e3268edb593e.js",
        "/byj/14.a020fac0a8ed076cbe21.js",
        "/byj/15.c8b2444ca8f935431354.js",
        "/byj/16.dcb8533623dd5be57ee4.js",
        "/byj/17.66f816ed895eab8a5973.js",
        "/byj/18.3ed6655c365df39c9cd4.js",
        "/byj/19.8306a9499a4c81300071.js",
        "/byj/20.94c6669193e711132585.js",
        "/byj/21.ad336d22e8b50936fc50.js",
        "/byj/22.4014b1636c3c91bf2085.js",
        "/byj/23.d3af5adcd7fb5a089b3a.js",
        "/byj/24.e9f510b0e2abddf4c47c.js",
        "/byj/25.a314b38f5eb720b80abc.js",
        "/byj/26.33d401363f0f342f8b5a.js",
        "/byj/27.87960fe9d1db55b84eeb.js",
        "/byj/28.7ba4fcc71dbd994442cd.js",
        "/byj/29.9997e086abb7aeaf38ad.js",
        "/byj/30.0e424922061a9d1509f5.js",
        "/byj/31.1d3ffb9714a1c23a6c71.js",
        "/byj/favicon.ico",
        "/byj/index.html",
        "/byj/lazy-snowplow.6c1b2e5d6a3dc22270dc.js",
        "/byj/lazy-vendor.8175654c59782cad43dc.js",
        "/byj/main.2780bc65ee03ffd2be49.js",
        "/byj/ocr.72b605ecd33e383ab01c.js",
        "/byj/pdf-viewer.df53b4ce9551a3837a3c.js",
        "/byj/polyfills-es5.b3888f0fc86e55483bf6.js",
        "/byj/polyfills.780eff7d04d1685a7b1b.js",
        "/byj/react.5445377c37f5edaa783b.js",
        "/byj/runtime.0f0152abadccdec1cb89.js",
        "/byj/styles.6b4dac75ff9bf46971a9.css",
        "/byj/swiper.00029f6ce35523e24bbd.js",
        "/byj/vconsole.80d337ed683838e15b22.js",
        "/byj/vendor.a9eecc528bee96087531.js"
      ],
      "patterns": []
    },
    {
      "name": "assets",
      "installMode": "lazy",
      "updateMode": "prefetch",
      "urls": [
        "/byj/assets/520logo.png",
        "/byj/assets/icons/icon-128x128.png",
        "/byj/assets/icons/icon-144x144.png",
        "/byj/assets/icons/icon-152x152.png",
        "/byj/assets/icons/icon-192x192.png",
        "/byj/assets/icons/icon-384x384.png",
        "/byj/assets/icons/icon-512x512.png",
        "/byj/assets/icons/icon-72x72.png",
        "/byj/assets/icons/icon-96x96.png",
        "/byj/assets/zubei-logo.png"
      ],
      "patterns": []
    }
  ],
  "dataGroups": [],
  "hashTable": {
    "/byj/13.ae4d8ed6e3268edb593e.js": "c8e23ceea1ddcf7377f9808e388ad22d1dd4c7c7",
    "/byj/14.a020fac0a8ed076cbe21.js": "888a9bf8cc895a4075fdded920286c6f99590e63",
    "/byj/15.c8b2444ca8f935431354.js": "33161fc49594cf6c376f12b135fb072378242fae",
    "/byj/16.dcb8533623dd5be57ee4.js": "43e56a6719a1e2ceba59bf1c73d384474c39339c",
    "/byj/17.66f816ed895eab8a5973.js": "43c69bbd02e5ad0c6cbcb4f20247e3bb81f8d1b5",
    "/byj/18.3ed6655c365df39c9cd4.js": "7d3b57dfa457e231234651a57028bd29f49c8baf",
    "/byj/19.8306a9499a4c81300071.js": "19f1c80f13caa53d072c09e46a2420c888e9aa73",
    "/byj/20.94c6669193e711132585.js": "2b65f97dc0ec6d99973c1e33f7427fba0e649524",
    "/byj/21.ad336d22e8b50936fc50.js": "733b31dafdd33b48d0c07cc22220efac913c5c92",
    "/byj/22.4014b1636c3c91bf2085.js": "5601f412402b29246aa68eeb5c1271a8618589b7",
    "/byj/23.d3af5adcd7fb5a089b3a.js": "9c983d0655489c3fcfd9e8fc84a00768b4671691",
    "/byj/24.e9f510b0e2abddf4c47c.js": "f9cf216e04bb5f387890618012981570d5de542d",
    "/byj/25.a314b38f5eb720b80abc.js": "927068ca6d3412f4d033e03ef93ecd3474527878",
    "/byj/26.33d401363f0f342f8b5a.js": "71c90279bf773e71818cccb39b128c2b1f5c46d6",
    "/byj/27.87960fe9d1db55b84eeb.js": "010f5ed9e42f5ac9e646287363df1512afd0274e",
    "/byj/28.7ba4fcc71dbd994442cd.js": "d569ed68d2eca5afdce2f7ebab35b022bee7005c",
    "/byj/29.9997e086abb7aeaf38ad.js": "b39065cf3d6fcb3ab84fe650a877bc57cef3b1da",
    "/byj/30.0e424922061a9d1509f5.js": "4cbf8b8062074a7ca19a7ca7b201a6d0022ab9e8",
    "/byj/31.1d3ffb9714a1c23a6c71.js": "48b04e298ba4cf60d1594aeb94b412c21500d254",
    "/byj/assets/520logo.png": "6ec39540b4e520b1fe1f23ac5b58635726cb2ee7",
    "/byj/assets/icons/icon-128x128.png": "dae3b6ed49bdaf4327b92531d4b5b4a5d30c7532",
    "/byj/assets/icons/icon-144x144.png": "b0bd89982e08f9bd2b642928f5391915b74799a7",
    "/byj/assets/icons/icon-152x152.png": "7479a9477815dfd9668d60f8b3b2fba709b91310",
    "/byj/assets/icons/icon-192x192.png": "1abd80d431a237a853ce38147d8c63752f10933b",
    "/byj/assets/icons/icon-384x384.png": "329749cd6393768d3131ed6304c136b1ca05f2fd",
    "/byj/assets/icons/icon-512x512.png": "559d9c4318b45a1f2b10596bbb4c960fe521dbcc",
    "/byj/assets/icons/icon-72x72.png": "c457e56089a36952cd67156f9996bc4ce54a5ed9",
    "/byj/assets/icons/icon-96x96.png": "3914125a4b445bf111c5627875fc190f560daa41",
    "/byj/assets/zubei-logo.png": "cfbf5806ec1b47359e73ad1496a3616d5acfbcb6",
    "/byj/favicon.ico": "84161b857f5c547e3699ddfbffc6d8d737542e01",
    "/byj/index.html": "a70b6812c062a54551f864f52009daa9dce4cb3a",
    "/byj/lazy-snowplow.6c1b2e5d6a3dc22270dc.js": "4bfe736b19428c661280bc6868a782627c383dc7",
    "/byj/lazy-vendor.8175654c59782cad43dc.js": "cebe601b587f44414f1fb539cd1ba88894f574a9",
    "/byj/main.2780bc65ee03ffd2be49.js": "15217291b8074e2ab2af7bafa44afdabe0ac114f",
    "/byj/ocr.72b605ecd33e383ab01c.js": "1b39f0d4f622375f5295be4142f4c0a761e97a91",
    "/byj/pdf-viewer.df53b4ce9551a3837a3c.js": "1a3a1fc6be3da006718414cdca90b484c61781a2",
    "/byj/polyfills-es5.b3888f0fc86e55483bf6.js": "2b28516140072859be01944c4d17e0dd85fff625",
    "/byj/polyfills.780eff7d04d1685a7b1b.js": "8357fa4ddaec5a0324a1092bc3b5f280944f8113",
    "/byj/react.5445377c37f5edaa783b.js": "8db668859a3235dc4b93c47a7c8b44ae614fd3c6",
    "/byj/runtime.0f0152abadccdec1cb89.js": "210b7bf31003926a0470fbe18016bfb6510b461d",
    "/byj/styles.6b4dac75ff9bf46971a9.css": "0b544d0e25a361385415c88750a787d425dfed7b",
    "/byj/swiper.00029f6ce35523e24bbd.js": "5ca43cf7cea2d093a11b1e204dfd2cb9b6e6c5d3",
    "/byj/vconsole.80d337ed683838e15b22.js": "99f612fcc853d1ae488aeac0842e81b737fc3d32",
    "/byj/vendor.a9eecc528bee96087531.js": "524655a77f6d03b0c23a6e1a0cec74930424b424"
  },
  "navigationUrls": [
    {
      "positive": true,
      "regex": "^\\/.*$"
    },
    {
      "positive": false,
      "regex": "^\\/(?:.+\\/)?[^/]*\\.[^/]*$"
    },
    {
      "positive": false,
      "regex": "^\\/(?:.+\\/)?[^/]*__[^/]*$"
    },
    {
      "positive": false,
      "regex": "^\\/(?:.+\\/)?[^/]*__[^/]*\\/.*$"
    }
  ]
}